<?xml version="1.0" encoding="UTF-8"?>
<project-private xmlns="http://www.netbeans.org/ns/project-private/1">
    <editor-bookmarks xmlns="http://www.netbeans.org/ns/editor-bookmarks/2" lastBookmarkId="0"/>
    <open-files xmlns="http://www.netbeans.org/ns/projectui-open-files/2">
        <group>
            <file>file:/C:/Users/Marcel/Downloads/Percetakan/Percetakan/src/model/DetailPemesanan.java</file>
            <file>file:/C:/Users/Marcel/Downloads/Percetakan/Percetakan/src/control/ProduksiDAO.java</file>
            <file>file:/C:/Users/Marcel/Downloads/Percetakan/Percetakan/src/view/AplikasiUtama.java</file>
            <file>file:/C:/Users/Marcel/Downloads/Percetakan/Percetakan/src/control/PegawaiDAO.java</file>
            <file>file:/C:/Users/Marcel/Downloads/Percetakan/Percetakan/src/control/DAOService.java</file>
            <file>file:/C:/Users/Marcel/Downloads/Percetakan/Percetakan/src/model/Customer.java</file>
            <file>file:/C:/Users/Marcel/Downloads/Percetakan/Percetakan/src/control/PemesananDAO.java</file>
            <file>file:/C:/Users/Marcel/Downloads/Percetakan/Percetakan/src/control/DetailPemesananDAO.java</file>
            <file>file:/C:/Users/Marcel/Downloads/Percetakan/Percetakan/src/model/DetailPemesananData.java</file>
            <file>file:/C:/Users/Marcel/Downloads/Percetakan/Percetakan/src/control/CustomerDAO.java</file>
        </group>
    </open-files>
</project-private>
